,@type,argumentOfInterestId,contactType,durationInMillis,startUtcTime,startAzimuth,startElevation,startDistance,maxElevationUtcTime,maxElevationAzimuth,maxElevationElevation,maxElevationDistance,endUtcTime,endAzimuth,endElevation,endDistance
0,ContactPointTriple,gs-1,POI,451654,2026-01-01T04:00:01.830Z,64.33181796398512,-2.5625198868713714e-13,3852363.3847137326,2026-01-01T04:03:48.309Z,39.09023435289962,2.379260963884657,3591430.9549324005,2026-01-01T04:07:33.484Z,13.91327259762667,3.762419849118104e-11,3840467.7126966515
1,ContactPointTriple,gs-1,POI,1020174,2026-01-01T05:44:10.305Z,83.56064997813007,-1.7999241384477644e-13,3854001.8035296295,2026-01-01T05:52:43.668Z,14.604592842777972,27.126369963414152,1908792.5783845133,2026-01-01T06:01:10.479Z,306.02723015467143,5.513738332672189e-12,3820311.267547029
2,ContactPointTriple,gs-1,POI,1087678,2026-01-01T07:30:19.191Z,92.88042769181527,-3.461302527113706e-14,3854102.0665434953,2026-01-01T07:39:25.645Z,173.8513354733989,62.51608288328495,1179135.7992888086,2026-01-01T07:48:26.869Z,255.4313345745139,3.154564984640531e-11,3816968.904878682
3,ContactPointTriple,gs-1,POI,815975,2026-01-01T09:17:27.544Z,103.97702801102871,-4.5329329447670484e-11,3853503.9910404827,2026-01-01T09:24:15.837Z,152.9265432975145,12.258791348501095,2720226.463570118,2026-01-01T09:31:03.519Z,202.2568308521097,2.928124725283925e-10,3828427.9967830135
4,ContactPointTriple,gs-1,POI,359360,2026-01-01T16:07:05.123Z,20.847120621559572,-2.1522983168827373e-11,3842837.274547267,2026-01-01T16:10:04.846Z,40.74572893274018,1.6929240339039027,3663998.8014414725,2026-01-01T16:13:04.483Z,60.57937561674705,8.242466002380904e-12,3851967.0521916654
5,ContactPointTriple,gs-1,POI,975843,2026-01-01T17:45:40.771Z,314.4571717999646,-8.033319127300287e-12,3822725.1217059833,2026-01-01T17:53:47.616Z,18.182904558703978,24.637637157452964,2012503.5504320168,2026-01-01T18:01:56.614Z,81.36460378217483,1.0668444147060036e-11,3853845.6578631895
6,ContactPointTriple,gs-1,POI,1099854,2026-01-01T19:30:16.850Z,264.137698859797,-3.669314239168734e-12,3817395.55971867,2026-01-01T19:39:23.525Z,177.73808741996922,69.4867215664914,1127152.470725517,2026-01-01T19:48:36.704Z,90.80010053543357,3.2325780964774037e-10,3854103.9260591515
7,ContactPointTriple,gs-1,POI,880181,2026-01-01T21:19:38.351Z,210.19109092341995,-1.620108840020496e-09,3827239.4378373856,2026-01-01T21:26:55.949Z,156.00791365763166,13.618543084231426,2624178.227301965,2026-01-01T21:34:18.532Z,101.56107759742065,1.2686107068171085e-10,3853970.425946829
8,ContactPointTriple,gs-1,POI,836340,2026-01-02T04:46:47.248Z,77.03182834609231,-2.1353031475941062e-11,3853431.080744059,2026-01-02T04:53:47.729Z,26.178615714368338,11.433795865236297,2780748.1140780356,2026-01-02T05:00:43.588Z,335.5566315047531,1.160943235151736e-10,3827311.6071551787
9,ContactPointTriple,gs-1,POI,1094876,2026-01-02T06:32:21.063Z,88.38168722139909,-2.166867595248177e-12,3853938.0512734726,2026-01-02T06:41:31.950Z,4.127404153992851,60.0242983298209,1202194.8090725671,2026-01-02T06:50:35.939Z,280.38701207933946,2.503098537877504e-12,3815907.573314694
10,ContactPointTriple,gs-1,POI,1000670,2026-01-02T08:18:56.141Z,97.65760137532423,-7.061758811730611e-13,3853719.122927711,2026-01-02T08:27:17.865Z,163.7027056767833,28.369348496114554,1860774.7919093664,2026-01-02T08:35:36.811Z,230.32189779104718,5.695780784752001e-12,3820000.9074155944
11,ContactPointTriple,gs-1,POI,467474,2026-01-02T10:07:17.683Z,115.36993111451163,-1.1016353669188937e-10,3852020.3268376836,2026-01-02T10:11:11.380Z,141.46139043117444,2.9944970584429176,3527416.3227916644,2026-01-02T10:15:05.157Z,167.66769192573562,2.6061417088331553e-13,3839069.7954373537
12,ContactPointTriple,gs-1,POI,769424,2026-01-02T16:50:30.301Z,343.2801656892011,-7.659582186766057e-13,3831601.8255676855,2026-01-02T16:56:54.870Z,29.085165928091854,10.24616639543549,2873781.016967978,2026-01-02T17:03:19.725Z,74.55989064390985,4.167900766150161e-12,3853646.6248317254
13,ContactPointTriple,gs-1,POI,1078195,2026-01-02T18:32:38.104Z,289.0680009548428,-3.311420551717752e-12,3819062.525459512,2026-01-02T18:41:34.923Z,7.986271308231502,53.969318045618536,1272235.085532701,2026-01-02T18:50:36.299Z,86.29448169779373,1.3194512579009157e-11,3854094.078909836
14,ContactPointTriple,gs-1,POI,1041039,2026-01-02T20:19:29.146Z,238.84255177388548,-1.0718033697783142e-10,3821079.103539482,2026-01-02T20:28:06.399Z,167.36788292520308,31.30466726051453,1758817.7588299098,2026-01-02T20:36:50.185Z,95.48412071335525,1.1020385019311845e-11,3854242.73531136
15,ContactPointTriple,gs-1,POI,552595,2026-01-02T22:12:12.438Z,174.64403401102155,-9.579673229110331e-11,3839062.7679441255,2026-01-02T22:16:47.770Z,143.42996165774295,3.7619211502361245,3451445.668975164,2026-01-02T22:21:25.033Z,112.11583230783121,3.6905153999296316e-12,3853301.166457464
16,ContactPointTriple,gs-1,POI,440253,2026-01-03T03:50:31.218Z,63.91775518352095,-9.40338011901125e-11,3851665.9372680606,2026-01-03T03:54:11.976Z,39.3393396936148,2.2499524407800022,3603955.913859717,2026-01-03T03:57:51.471Z,14.820938414122946,4.9745918722973793e-11,3839480.860316886
17,ContactPointTriple,gs-1,POI,1017662,2026-01-03T05:34:36.535Z,83.46702000017761,-3.3925448593386736e-12,3853569.9600965604,2026-01-03T05:43:08.709Z,14.795871919709707,26.753896147217258,1922601.6509734585,2026-01-03T05:51:34.197Z,306.49639170363054,5.472913374776177e-08,3818741.935659665
18,ContactPointTriple,gs-1,POI,1088034,2026-01-03T07:20:44.944Z,92.8049194287301,-9.138823913901263e-13,3853686.5618241234,2026-01-03T07:29:51.692Z,174.02081304001024,63.36136728137886,1171098.9641461233,2026-01-03T07:38:52.978Z,255.84724890503006,6.482626551629706e-12,3815236.789883131
19,ContactPointTriple,gs-1,POI,819641,2026-01-03T09:07:52.604Z,103.85331888937402,-4.7225563933265015e-12,3853008.692802515,2026-01-03T09:14:42.789Z,153.10487691037162,12.446292920847782,2705546.361102615,2026-01-03T09:21:32.245Z,202.74571133414375,4.475634618657513e-08,3826710.534534385
20,ContactPointTriple,gs-1,POI,348012,2026-01-03T15:57:38.342Z,21.698250743266634,-1.2763533203906065e-06,3844094.099290539,2026-01-03T16:00:32.398Z,40.94297035873762,1.5811536798395038,3676659.0365542113,2026-01-03T16:03:26.354Z,60.128013304740996,3.56259472659376e-11,3852363.913595199
21,ContactPointTriple,gs-1,POI,973692,2026-01-03T17:36:08.342Z,314.89700241323783,-1.4014251482764718e-10,3824366.9816656145,2026-01-03T17:44:14.211Z,18.352784517450164,24.325482216240214,2027039.615339811,2026-01-03T17:52:22.034Z,81.27264574911548,2.5184888861314584e-11,3854032.9458162864
22,ContactPointTriple,gs-1,POI,1100503,2026-01-03T19:20:42.090Z,264.55959178573386,-3.5745006252554434e-06,3818992.5129723144,2026-01-03T19:29:49.212Z,177.91304169733715,70.42781904755842,1122031.1126984279,2026-01-03T19:39:02.593Z,90.72494083517545,2.872771541490434e-12,3854249.0465778066
23,ContactPointTriple,gs-1,POI,884312,2026-01-03T21:10:00.801Z,210.72916690355478,-4.334601755646511e-12,3828546.7003738973,2026-01-03T21:17:20.503Z,156.21832278108198,13.839861419189102,2609819.523133724,2026-01-03T21:24:45.113Z,101.4362031890044,9.137655619489173e-13,3854179.2746887403
24,ContactPointTriple,gs-1,POI,831509,2026-01-04T04:37:14.043Z,76.88570384748033,-1.1790381838500904e-08,3852856.9283897798,2026-01-04T04:44:12.128Z,26.393078910337465,11.230958995206358,2794958.910332156,2026-01-04T04:51:05.552Z,336.1248816237223,2.3410561633547474e-11,3825888.2029012227
25,ContactPointTriple,gs-1,POI,1093861,2026-01-04T06:22:47.027Z,88.3032708220387,-3.277999380536392e-06,3853443.748017809,2026-01-04T06:31:57.504Z,4.304076177359334,59.18892864715115,1209921.6930399209,2026-01-04T06:41:00.888Z,280.8145743592722,1.602716870676211e-08,3814218.7185405702
26,ContactPointTriple,gs-1,POI,1002416,2026-01-04T08:09:21.649Z,97.57075452122169,-3.0950205639351423e-06,3853198.214125747,2026-01-04T08:17:44.341Z,163.87259946057884,28.73037766363459,1846410.2321172624,2026-01-04T08:26:04.065Z,230.75499746370693,1.6027915680159948e-08,3818218.3284416664
27,ContactPointTriple,gs-1,POI,475631,2026-01-04T09:57:41.021Z,115.07394667306485,-5.2677325261269727e-11,3851333.7889556466,2026-01-04T10:01:38.811Z,141.65599157480875,3.1139039566334867,3514167.8058208562,2026-01-04T10:05:36.652Z,168.35898643205755,3.466640593940776e-08,3837473.9879077044
28,ContactPointTriple,gs-1,POI,765136,2026-01-04T16:40:59.450Z,343.79016797541885,-7.618334085558089e-12,3833085.608546118,2026-01-04T16:47:21.929Z,29.265170127554505,10.074559846052404,2888134.179826377,2026-01-04T16:53:44.586Z,74.418792794505,2.94550991498783e-10,3853816.3384490805
29,ContactPointTriple,gs-1,POI,1077479,2026-01-04T18:23:04.489Z,289.484653873095,-3.723430578048774e-11,3820671.040447377,2026-01-04T18:32:01.081Z,8.154797056628453,53.24805360392563,1282305.2729180728,2026-01-04T18:41:01.968Z,86.21830506715504,1.0300672622743105e-11,3854163.315805562
30,ContactPointTriple,gs-1,POI,1043105,2026-01-04T20:09:53.192Z,239.2986606443374,-7.747552647318641e-13,3822532.701936755,2026-01-04T20:18:31.568Z,167.55673922747926,31.73352249079369,1745474.303932151,2026-01-04T20:27:16.297Z,95.39854451939877,8.41228801552441e-08,3854315.2142948583
31,ContactPointTriple,gs-1,POI,561214,2026-01-04T22:02:31.963Z,175.40763189724245,-9.560635246511382e-12,3839940.1129976823,2026-01-04T22:07:11.596Z,143.67291281722208,3.8999079882203778,3438434.970345311,2026-01-04T22:11:53.177Z,111.83258012238747,9.970035532411098e-09,3853571.1174996737
32,ContactPointTriple,gs-1,POI,428348,2026-01-05T03:41:00.829Z,63.477678586648715,-1.3510667037905163e-12,3850796.6647754237,2026-01-05T03:44:35.610Z,39.58829223860754,2.1198896672582745,3616484.169422832,2026-01-05T03:48:09.177Z,15.754484039869961,5.8531226919784834e-08,3838408.057945497
33,ContactPointTriple,gs-1,POI,1015064,2026-01-05T05:25:02.783Z,83.37022604500072,-5.048058001679874e-12,3852972.9397318,2026-01-05T05:33:33.716Z,14.986799468159743,26.382954037348654,1936479.1786604542,2026-01-05T05:41:57.847Z,306.96832407050516,3.307503649999265e-11,3817131.9308894034
34,ContactPointTriple,gs-1,POI,1088330,2026-01-05T07:11:10.703Z,92.72833217758316,-1.5487110802717066e-06,3853107.282408623,2026-01-05T07:20:17.706Z,174.19052661314967,64.22046224304255,1163185.2193567504,2026-01-05T07:29:19.033Z,256.2642601862226,2.031138120614476e-08,3813471.818697588
35,ContactPointTriple,gs-1,POI,823240,2026-01-05T08:58:17.673Z,103.73066294622382,-3.390152541601792e-11,3852354.306993568,2026-01-05T09:05:09.712Z,153.28371507718757,12.635340303880719,2690739.573756379,2026-01-05T09:12:00.913Z,203.2341634588756,2.9185325006695343e-10,3824921.299743892
36,ContactPointTriple,gs-1,POI,336161,2026-01-05T15:48:11.826Z,22.574875574442466,-2.1322503828775492e-11,3845183.9955095327,2026-01-05T15:50:59.961Z,41.14063042563678,1.4693366100442302,3689197.2886835383,2026-01-05T15:53:47.987Z,59.651918915211176,5.706451413893045e-12,3852599.417118354
37,ContactPointTriple,gs-1,POI,971463,2026-01-05T17:26:35.962Z,315.33806472974067,-1.753863886915908e-11,3825911.0647452143,2026-01-05T17:34:40.820Z,18.52280644313223,24.015904314437915,2041519.8808211142,2026-01-05T17:42:47.425Z,81.18016910596036,1.522994635098668e-13,3854047.599845573
38,ContactPointTriple,gs-1,POI,1101076,2026-01-05T19:11:07.376Z,264.9810948557382,-6.5714479564390125e-12,3820509.7950270805,2026-01-05T19:20:14.914Z,178.088351633394,71.37443126648733,1117100.3682848548,2026-01-05T19:29:28.452Z,90.65106245623222,5.849423028850525e-12,3854219.5076565472
39,ContactPointTriple,gs-1,POI,888327,2026-01-05T21:00:23.317Z,211.26384852339916,-7.65561330979638e-11,3829754.6433400577,2026-01-05T21:07:45.070Z,156.42929854678147,14.06143254841065,2595433.5523311477,2026-01-05T21:15:11.644Z,101.31561768400137,1.5058318794178175e-10,3854210.5821956145
40,ContactPointTriple,gs-1,POI,826552,2026-01-06T04:27:40.880Z,76.73421607663428,-2.119408855268854e-12,3852116.8164342726,2026-01-06T04:34:36.500Z,26.607387918455206,11.027918555297985,2809190.7366489754,2026-01-06T04:41:27.432Z,336.6985603614677,4.108232110978307e-10,3824411.352795623
41,ContactPointTriple,gs-1,POI,1092780,2026-01-06T06:13:13.006Z,88.22328223407871,-1.0387463026643365e-11,3852782.8754135957,2026-01-06T06:22:23.029Z,4.480877453436171,58.35899463313063,1217841.7748514686,2026-01-06T06:31:25.786Z,281.2439598171872,1.2750593727245833e-11,3812507.7171563515
42,ContactPointTriple,gs-1,POI,1004103,2026-01-06T07:59:47.170Z,97.48408656494992,-8.94838711471118e-11,3852513.147690896,2026-01-06T08:08:10.793Z,164.0432469067762,29.09651104576426,1831981.2913034419,2026-01-06T08:16:31.273Z,231.18880073284896,2.7894068766073587e-12,3816399.1925936705
43,ContactPointTriple,gs-1,POI,483592,2026-01-06T09:48:04.441Z,114.78718896598943,-7.790370877158496e-11,3850497.4827927644,2026-01-06T09:52:06.225Z,141.85139222241668,3.233771216652784,3500785.1285810005,2026-01-06T09:56:08.033Z,169.04260888795062,3.989959104948357e-12,3835768.542274081
44,ContactPointTriple,gs-1,POI,760730,2026-01-06T16:31:28.676Z,344.30411980618095,-2.0352998548685489e-10,3834434.9211241174,2026-01-06T16:37:49.006Z,29.445389128678645,9.90288310462004,2902421.486499744,2026-01-06T16:44:09.406Z,74.27435323616675,7.975445354619187e-12,3853810.025449661
45,ContactPointTriple,gs-1,POI,1076684,2026-01-06T18:13:30.929Z,289.9020721428975,-3.687927494189263e-06,3822186.6372291096,2026-01-06T18:22:27.260Z,8.323398159482258,52.53503773443871,1292465.6719289308,2026-01-06T18:31:27.613Z,86.14195267376907,7.203310057578822e-09,3854053.7599852867
46,ContactPointTriple,gs-1,POI,1045087,2026-01-06T20:00:17.293Z,239.75375495523687,-7.223594454438872e-11,3823892.0627541365,2026-01-06T20:08:56.758Z,167.74599159417448,32.16646466764753,1732123.4560498907,2026-01-06T20:17:42.380Z,95.3146612373041,7.420830636780187e-12,3854206.9681081157
47,ContactPointTriple,gs-1,POI,569581,2026-01-06T21:52:51.628Z,176.15984962534395,-1.1742836442983659e-10,3840689.8607693748,2026-01-06T21:57:35.439Z,143.91613946174422,4.037736294951422,3425338.852350752,2026-01-06T22:02:21.209Z,111.56108651701129,1.8762450823533394e-12,3853651.9747325554
48,ContactPointTriple,gs-1,POI,415934,2026-01-07T03:31:30.671Z,63.011766839873665,-3.5553054955319996e-12,3849756.029030861,2026-01-07T03:34:59.219Z,39.83749261577579,1.9894701833393527,3628979.5992316483,2026-01-07T03:38:26.605Z,16.7145468707473,2.7409227387866624e-10,3837256.7234843145
49,ContactPointTriple,gs-1,POI,1012389,2026-01-07T05:15:29.053Z,83.2712562882816,-1.362622797527111e-10,3852208.4823376383,2026-01-07T05:23:58.696Z,15.177790745033967,26.014302639785956,1950400.0651663437,2026-01-07T05:32:21.442Z,307.4429507154958,8.635920733886343e-12,3815496.6534985914
50,ContactPointTriple,gs-1,POI,1088569,2026-01-07T07:01:36.476Z,92.65160983191156,-1.4128496522101616e-12,3852361.0678174943,2026-01-07T07:10:43.694Z,174.36098561719103,65.09191166381754,1155418.9399552396,2026-01-07T07:19:45.045Z,256.6824302838377,9.568493955664574e-12,3811691.0686052805
51,ContactPointTriple,gs-1,POI,826763,2026-01-07T08:48:42.766Z,103.61030958440578,-3.092307459156786e-11,3851538.8662087973,2026-01-07T08:55:36.619Z,153.46366251570808,12.82551419768437,2675845.260308964,2026-01-07T09:02:29.529Z,203.72205938719705,7.362983295691642e-08,3823075.713697311
52,ContactPointTriple,gs-1,POI,323676,2026-01-07T15:38:45.645Z,23.484241360518038,-3.6597775141348283e-07,3846090.210042962,2026-01-07T15:41:27.542Z,41.338613596241984,1.3567794351587883,3701673.6820718343,2026-01-07T15:44:09.321Z,59.143635517770825,1.1170333958452472e-11,3852662.598668762
53,ContactPointTriple,gs-1,POI,969140,2026-01-07T17:17:03.646Z,315.78129051326147,-3.399414464930116e-11,3827338.5285334405,2026-01-07T17:25:07.447Z,18.692740711063358,23.70745218031758,2055993.694356989,2026-01-07T17:33:12.786Z,81.08575032032118,2.2478988718678052e-11,3853880.8730353853
54,ContactPointTriple,gs-1,POI,1101570,2026-01-07T19:01:32.716Z,265.4027671788816,-4.00904158037691e-06,3821931.135362963,2026-01-07T19:10:40.638Z,178.26368028070564,72.32962930224467,1112336.5819017738,2026-01-07T19:19:54.286Z,90.57725334089068,9.055467974362795e-09,3854007.196399416
55,ContactPointTriple,gs-1,POI,892240,2026-01-07T20:50:45.898Z,211.795983163966,-1.3033049185728285e-09,3830846.865091874,2026-01-07T20:58:09.656Z,156.6404517336088,14.283992254226819,2580958.465124221,2026-01-07T21:05:38.138Z,101.19771975689832,4.702581696389205e-11,3854056.102470437
56,ContactPointTriple,gs-1,POI,821484,2026-01-08T04:18:07.750Z,76.57887069363383,-8.147095717090784e-12,3851210.614099678,2026-01-08T04:25:00.843Z,26.821861514101425,10.825398051088206,2823394.449615531,2026-01-08T04:31:49.234Z,337.2768502701036,2.8138074453928314e-11,3822891.630243446
57,ContactPointTriple,gs-1,POI,1091640,2026-01-08T06:03:38.997Z,88.14284090782033,-1.7239964930415253e-11,3851955.7139787725,2026-01-08T06:12:48.524Z,4.658164320198474,57.5370628304639,1225931.919706166,2026-01-08T06:21:50.637Z,281.67482085083583,2.020174436307256e-08,3810788.8871341106
58,ContactPointTriple,gs-1,POI,1005728,2026-01-08T07:50:12.706Z,97.3987745737088,-2.3953517702974535e-11,3851664.535961069,2026-01-08T07:58:37.221Z,164.21508585596283,29.466760870578558,1817536.0780758795,2026-01-08T08:06:58.434Z,231.622938958317,6.775490681680645e-08,3814558.443467015
59,ContactPointTriple,gs-1,POI,491330,2026-01-08T09:38:27.957Z,114.51158142241803,-1.7125064973944317e-08,3849512.1052001794,2026-01-08T09:42:33.624Z,142.04802906380485,3.3535933903182493,3487326.179442069,2026-01-08T09:46:39.287Z,169.7174524446319,1.528216050342795e-08,3833966.2126296926
60,ContactPointTriple,gs-1,POI,756187,2026-01-08T16:21:57.983Z,344.8231090311928,-6.721170846497002e-12,3835635.5821943698,2026-01-08T16:28:16.095Z,29.625527975857988,9.73045212630872,2916688.1980178994,2026-01-08T16:34:34.170Z,74.12486302447722,9.997483937327201e-12,3853623.1744527435
61,ContactPointTriple,gs-1,POI,1075805,2026-01-08T18:03:57.421Z,290.32057797433293,-5.652051086959948e-11,3823593.433294211,2026-01-08T18:12:53.454Z,8.491689338133687,51.828141601425116,1302735.8946890226,2026-01-08T18:21:53.226Z,86.06431717696232,1.086944854359429e-11,3853762.1620100415
62,ContactPointTriple,gs-1,POI,1046987,2026-01-08T19:50:41.445Z,240.20807144744398,-9.527169584501203e-11,3825143.8854416437,2026-01-08T19:59:21.964Z,167.93516228246804,32.60461351370525,1718727.3946950845,2026-01-08T20:08:08.432Z,95.23131625359348,5.369304769910832e-08,3853915.1808060617
63,ContactPointTriple,gs-1,POI,577730,2026-01-08T21:43:11.414Z,176.9023093807072,-3.1646219300415827e-11,3841302.2370127086,2026-01-08T21:47:59.295Z,144.1591277655066,4.1758232285395325,3412109.3698118757,2026-01-08T21:52:49.144Z,111.29870583883633,9.58577074405201e-09,3853540.640770145
64,ContactPointTriple,gs-1,POI,403026,2026-01-09T03:22:00.728Z,62.52089578995821,-3.732913171328481e-07,3848550.2728269985,2026-01-09T03:25:22.794Z,40.08704303263905,1.8592765629159749,3641389.0622132095,2026-01-09T03:28:43.754Z,17.700467724478052,5.241460809709593e-08,3836034.6720277364
65,ContactPointTriple,gs-1,POI,1009646,2026-01-09T05:05:55.331Z,83.17120520109555,-4.994854044975929e-12,3851281.1973866024,2026-01-09T05:14:23.640Z,15.369001165069635,25.649131507559414,1964321.3944645394,2026-01-09T05:22:44.977Z,307.91954216121206,3.087888091048003e-11,3813849.4290400296
66,ContactPointTriple,gs-1,POI,1088752,2026-01-09T06:52:02.255Z,92.57566916689481,-8.28686176703121e-09,3851453.1836698856,2026-01-09T07:01:09.647Z,174.53238532121665,65.97317965709236,1147831.8328274498,2026-01-09T07:10:11.007Z,257.1012415544441,3.205928865142599e-11,3809909.620731268
67,ContactPointTriple,gs-1,POI,830204,2026-01-09T08:39:07.879Z,103.49335964593867,-2.7379088130790834e-09,3850567.869630481,2026-01-09T08:46:03.499Z,153.64494005996744,13.016241938594002,2660916.3584136902,2026-01-09T08:52:58.083Z,204.20868055612593,3.308709399507614e-08,3821189.7445531883
68,ContactPointTriple,gs-1,POI,310445,2026-01-09T15:29:19.841Z,24.43224596933473,-1.6368337298596206e-12,3846805.284031826,2026-01-09T15:31:55.125Z,41.53666260634002,1.2431902301345659,3714117.3614484603,2026-01-09T15:34:30.286Z,58.59675442573165,3.1113559805320827e-07,3852553.990137173
69,ContactPointTriple,gs-1,POI,966718,2026-01-09T17:07:31.383Z,316.22681196885236,-8.43206345954316e-12,3828637.6939385002,2026-01-09T17:15:34.080Z,18.86227940950392,23.399607237881536,2070479.6465202756,2026-01-09T17:23:38.101Z,80.98858278509748,4.431118818392945e-12,3853535.331563222
70,ContactPointTriple,gs-1,POI,1101984,2026-01-09T18:51:58.099Z,265.82450693254316,-4.773280527526877e-12,3823243.068029603,2026-01-09T19:01:06.371Z,178.43861683860877,73.29435152856924,1107736.2420387743,2026-01-09T19:10:20.083Z,90.50280976015846,2.790162132570255e-12,3853615.434016464
71,ContactPointTriple,gs-1,POI,896054,2026-01-09T20:41:08.534Z,212.3255488287408,-1.2745532782324183e-10,3831814.7575569516,2026-01-09T20:48:34.251Z,156.85128086965904,14.507815744806749,2566374.810763723,2026-01-09T20:56:04.588Z,101.08157236668478,1.525962977372712e-10,3853719.179312684
72,ContactPointTriple,gs-2,POI,1082218,2026-01-01T00:51:22.058Z,74.56103335561512,-9.796789454347402e-13,3812738.570892902,2026-01-01T01:00:20.782Z,353.9040233045483,58.33178682164787,1217097.4258117545,2026-01-01T01:09:24.276Z,273.95056851227037,5.691118190211076e-12,3848914.9899081695
73,ContactPointTriple,gs-2,POI,975045,2026-01-01T02:38:52.781Z,127.99745581859705,-1.1879743872273593e-10,3816191.754922334,2026-01-01T02:46:57.023Z,191.4118491162707,21.468625326101964,2154762.922702196,2026-01-01T02:55:07.826Z,255.24843139504114,8.99928430114565e-12,3848216.4100173586
74,ContactPointTriple,gs-2,POI,1013410,2026-01-01T11:59:23.318Z,282.2592962475626,-1.3935010674689362e-12,3848411.6307556187,2026-01-01T12:07:53.440Z,350.6686276684908,26.70634431587785,1920741.78963619,2026-01-01T12:16:16.728Z,58.61288096371072,4.6107001840630586e-11,3815126.6517456095
75,ContactPointTriple,gs-2,POI,1065312,2026-01-01T13:45:21.954Z,264.0307185472862,-8.48325292556848e-10,3848591.020848002,2026-01-01T13:54:16.617Z,188.03884224884334,46.928932426913136,1374388.5723861025,2026-01-01T14:03:07.266Z,111.3438638292694,2.518692205665164e-12,3813468.5527380067
76,ContactPointTriple,gs-2,POI,554476,2026-01-01T15:34:08.495Z,237.82195986344442,-6.583053283260841e-12,3846197.745509814,2026-01-01T15:38:45.582Z,206.44248389076725,4.389028218489036,3381588.361328675,2026-01-01T15:43:22.971Z,174.85812519371513,1.257553786280952e-08,3829725.4807106615
77,ContactPointTriple,gs-2,POI,958123,2026-01-01T23:54:59.705Z,47.242586347523876,-7.270539830783439e-13,3816448.8674820764,2026-01-02T00:02:57.933Z,345.1094124745015,22.464755016916484,2106239.867395078,2026-01-02T00:10:57.828Z,283.59183552753393,1.830372814228017e-11,3848195.5844314652
78,ContactPointTriple,gs-2,POI,1089029,2026-01-02T01:39:36.044Z,100.14777043550933,-1.9327187907036132e-11,3811452.4352933667,2026-01-02T01:48:37.080Z,182.41160365370146,56.31742211738882,1239108.1949651516,2026-01-02T01:57:45.073Z,265.2732590634831,3.209805852461535e-12,3848531.036458002
79,ContactPointTriple,gs-2,POI,667322,2026-01-02T03:30:43.933Z,162.63875736095198,-7.026700399038211e-07,3824804.918866015,2026-01-02T03:36:15.845Z,201.25889832216444,6.101318725535384,3218090.0249129925,2026-01-02T03:41:51.255Z,240.074350680306,3.151134381777464e-09,3846067.962440815
80,ContactPointTriple,gs-2,POI,759778,2026-01-02T11:02:45.244Z,295.7390164753947,-6.861429895989162e-11,3847635.6048056753,2026-01-02T11:09:07.306Z,340.95218978322663,8.678092411143492,2993898.302622565,2026-01-02T11:15:25.022Z,25.910255549196716,5.6421743319249946e-11,3824139.3471801965
81,ContactPointTriple,gs-2,POI,1097068,2026-01-02T12:47:20.178Z,272.86473355954604,-6.9317214123193665e-15,3849033.286009541,2026-01-02T12:56:31.950Z,359.39775847691124,68.84578320861266,1128441.8077759887,2026-01-02T13:05:37.246Z,85.29944205882998,3.5825048864945124e-12,3813080.1695548305
82,ContactPointTriple,gs-2,POI,914965,2026-01-02T14:34:21.431Z,254.07329621346665,-3.0712300185964544e-12,3848434.940961197,2026-01-02T14:41:59.393Z,196.77257927992272,18.315147473926515,2323923.205072599,2026-01-02T14:49:36.396Z,138.91139338941593,3.433065088400154e-12,3819743.9489871627
83,ContactPointTriple,gs-2,POI,659094,2026-01-02T23:00:35.339Z,13.96539801641004,-2.197999628725999e-08,3825206.948561225,2026-01-02T23:06:04.976Z,335.6490076084093,6.696209284850591,3164488.563743284,2026-01-02T23:11:34.433Z,297.62866344514845,2.2436250453506164e-10,3846238.544791886
84,ContactPointTriple,gs-2,POI,1080707,2026-01-03T00:41:48.647Z,74.11794993155735,-5.110573926449427e-13,3811061.455214276,2026-01-03T00:50:46.551Z,353.75664393841123,57.37261299699675,1226839.3548213588,2026-01-03T00:59:49.354Z,274.10158905092254,1.564747055483094e-11,3848399.7957479046
85,ContactPointTriple,gs-2,POI,977738,2026-01-03T02:29:16.316Z,127.50593334370728,-1.6444441606143828e-11,3814400.274291568,2026-01-03T02:37:21.827Z,191.2615943658112,21.814973676766737,2136553.092695039,2026-01-03T02:45:34.054Z,255.4379168204832,2.1731719420631645e-11,3847668.693917601
86,ContactPointTriple,gs-2,POI,1011349,2026-01-03T11:49:49.348Z,282.43454955811296,-2.5715880666446354e-12,3849153.8903992255,2026-01-03T11:58:18.372Z,350.52015319494063,26.295087431615084,1938462.535749251,2026-01-03T12:06:40.697Z,58.13970093074729,1.2210478598357393e-07,3816953.662110987
87,ContactPointTriple,gs-2,POI,1067277,2026-01-03T13:35:46.905Z,264.1861837249231,-4.318140651257192e-12,3849320.116662104,2026-01-03T13:44:42.504Z,187.89054996335327,47.71559078460521,1361873.554854912,2026-01-03T13:53:34.182Z,110.89390054955601,2.950204985387128e-08,3815159.7850213223
88,ContactPointTriple,gs-2,POI,564738,2026-01-03T15:24:30.336Z,238.25976748281883,-3.759463261092991e-11,3847213.8631369243,2026-01-03T15:29:12.537Z,206.26244449725544,4.579151402355341,3364446.258134311,2026-01-03T15:33:55.074Z,174.0545189510052,1.0829416891947628e-12,3831052.3582657035
89,ContactPointTriple,gs-2,POI,954417,2026-01-03T23:45:27.854Z,46.7398226182016,-3.398943834450985e-12,3814916.5988029703,2026-01-03T23:53:24.187Z,344.9507072253064,22.08881696799687,2123329.0437700306,2026-01-04T00:01:22.271Z,283.7783281110951,3.928183366971866e-11,3847697.5663559944
90,ContactPointTriple,gs-2,POI,1089396,2026-01-04T01:30:01.233Z,99.70906004643344,-1.203857687859599e-11,3809723.8171997913,2026-01-04T01:39:02.365Z,182.26746695738402,57.235748595226134,1227860.3514531457,2026-01-04T01:48:10.629Z,265.42405207469386,5.671510501091173e-12,3848108.687819131
91,ContactPointTriple,gs-2,POI,675021,2026-01-04T03:21:04.321Z,161.93838718140535,-2.9929082170543866e-08,3823072.016420174,2026-01-04T03:26:40.017Z,201.08758043657508,6.290666581154399,3199659.078196968,2026-01-04T03:32:19.342Z,240.43362636572897,3.0277920460110504e-11,3845488.04007051
92,ContactPointTriple,gs-2,POI,753730,2026-01-04T10:53:12.665Z,296.0329015293999,-9.831235847696393e-09,3848546.2962709204,2026-01-04T10:59:31.645Z,340.78517629416456,8.471580027035632,3012593.2639406878,2026-01-04T11:05:46.395Z,25.283556342179885,1.008201629787498e-09,3826023.0698403283
93,ContactPointTriple,gs-2,POI,1097155,2026-01-04T12:37:45.612Z,273.01369878848595,-4.563094742607864e-09,3849824.326264319,2026-01-04T12:46:57.368Z,359.2540344018293,67.76361005441129,1136397.5234059163,2026-01-04T12:56:02.767Z,84.86404956548144,6.271374780597071e-11,3814847.4984425353
94,ContactPointTriple,gs-2,POI,919326,2026-01-04T14:24:45.658Z,254.27850678788,-1.7362712100731984e-11,3849310.399083041,2026-01-04T14:32:25.775Z,196.61349738106733,18.645145354395954,2306560.791145946,2026-01-04T14:40:04.984Z,138.38711181075027,1.2569603576122426e-10,3821343.4050402483
95,ContactPointTriple,gs-2,POI,650961,2026-01-04T22:51:06.242Z,13.264201650697437,-4.062420396318289e-12,3823995.742018982,2026-01-04T22:56:31.790Z,335.4708106113822,6.491830888433942,3181885.11292641,2026-01-04T23:01:57.203Z,297.96937457864317,2.349848021197956e-11,3845636.124347018
96,ContactPointTriple,gs-2,POI,1079206,2026-01-05T00:32:15.221Z,73.67393396109627,-4.832608421922939e-13,3809432.2237626426,2026-01-05T00:41:12.301Z,353.6080551950755,56.4302133833203,1236898.6682814907,2026-01-05T00:50:14.427Z,274.25152356187317,6.44121007139498e-12,3848052.756083084
97,ContactPointTriple,gs-2,POI,980426,2026-01-05T02:19:39.841Z,127.01500085360914,-2.4754161720090646e-10,3812665.5862971763,2026-01-05T02:27:46.612Z,191.1113536788969,22.166918226434312,2118435.6997449063,2026-01-05T02:36:00.267Z,255.62647333199905,5.069382182501262e-12,3847291.6480597192
98,ContactPointTriple,gs-2,POI,1009271,2026-01-05T11:40:15.382Z,282.61096903907617,-4.906361489500283e-12,3850050.9927246436,2026-01-05T11:48:43.307Z,350.37117882981454,25.889608851713735,1956319.6911271166,2026-01-05T11:57:04.653Z,57.66480730402351,1.7068297428377492e-11,3818792.242139652
99,ContactPointTriple,gs-2,POI,1069245,2026-01-05T13:26:11.850Z,264.3428662415603,-6.188147481351034e-12,3850202.4858830273,2026-01-05T13:35:08.396Z,187.74321020027412,48.51910829513321,1349555.9055600371,2026-01-05T13:44:01.095Z,110.44413413160491,2.41160437921465e-12,3816856.1987134744
100,ContactPointTriple,gs-2,POI,574861,2026-01-05T15:14:52.239Z,238.69216150635705,-1.2799048634668036e-06,3848359.6226258315,2026-01-05T15:19:39.485Z,206.08411521581448,4.772197553980289,3347249.5204327074,2026-01-05T15:24:27.100Z,173.25960059026934,3.6772122162774274e-09,3832454.359964139
101,ContactPointTriple,gs-2,POI,950715,2026-01-05T23:35:56.002Z,46.235007618929274,-9.705379329787692e-11,3813461.206138783,2026-01-05T23:43:50.438Z,344.79040158336466,21.71933645153543,2140498.1676042345,2026-01-05T23:51:46.717Z,283.9640866249168,5.224617917508498e-11,3847369.051921349
102,ContactPointTriple,gs-2,POI,1089776,2026-01-06T01:20:26.413Z,99.26961290838581,-1.4152765944283896e-11,3808051.488437078,2026-01-06T01:29:27.639Z,182.12276660672663,58.17101976432935,1216930.506529016,2026-01-06T01:38:36.189Z,265.57447716201756,9.963918236640053e-12,3847861.041352167
103,ContactPointTriple,gs-2,POI,682637,2026-01-06T03:11:24.749Z,161.24234129268072,-6.42850710908411e-07,3821432.0397900026,2026-01-06T03:17:04.184Z,200.91671353699348,6.482610971728363,3181248.231802413,2026-01-06T03:22:47.386Z,240.7891337630828,2.5913512438176096e-09,3845084.8229667977
104,ContactPointTriple,gs-2,POI,747593,2026-01-06T10:43:40.129Z,296.32993321940756,-5.107162127067898e-07,3849605.298845924,2026-01-06T10:49:55.986Z,340.61672545251827,8.266929387347512,3031357.6863281075,2026-01-06T10:56:07.722Z,24.65131266198924,2.0157703827060337e-10,3827939.0343580185
105,ContactPointTriple,gs-2,POI,1097237,2026-01-06T12:28:11.052Z,273.1633046417952,-1.2055759114527716e-12,3850768.8793306714,2026-01-06T12:37:22.801Z,359.110233537356,66.69333708149301,1144750.2348985786,2026-01-06T12:46:28.289Z,84.4278797574802,8.647391065894316e-12,3816606.3337971508
106,ContactPointTriple,gs-2,POI,923676,2026-01-06T14:15:09.893Z,254.4843286215756,-5.695606931249331e-10,3850331.80510496,2026-01-06T14:22:52.167Z,196.45562116984968,18.981005324454294,2289200.7226160695,2026-01-06T14:30:33.569Z,137.8640628745299,3.3917933573374648e-12,3822959.091654345
107,ContactPointTriple,gs-2,POI,642745,2026-01-06T22:41:37.196Z,12.556437781912788,-4.616664862417069e-12,3822911.6948218155,2026-01-06T22:46:58.613Z,335.29094220164427,6.290037691664203,3199332.117798119,2026-01-06T22:52:19.941Z,298.31338355422014,4.063250876449001e-09,3845198.054619155
108,ContactPointTriple,gs-2,POI,1077722,2026-01-07T00:22:41.790Z,73.22840573856728,-8.990627866982067e-07,3807872.0405537533,2026-01-07T00:31:38.047Z,353.4584763058592,55.50225939000751,1247305.0661449356,2026-01-07T00:40:39.512Z,274.4013882625851,3.488599412369994e-10,3847883.1676279167
109,ContactPointTriple,gs-2,POI,983125,2026-01-07T02:10:03.363Z,126.52372841260349,-6.022162689326548e-11,3811006.778175762,2026-01-07T02:18:11.392Z,190.96129528753886,22.525844347324234,2100366.334740529,2026-01-07T02:26:26.488Z,255.8154299473291,3.6097784834259214e-11,3847095.3352326574
110,ContactPointTriple,gs-2,POI,1007174,2026-01-07T11:30:41.427Z,282.78750878304714,-1.5636504761358066e-11,3851098.657034701,2026-01-07T11:39:08.255Z,350.22104526242595,25.490270442733344,1974282.2929253047,2026-01-07T11:47:28.601Z,57.1879807367138,1.3873441116412596e-08,3820625.9746133205
111,ContactPointTriple,gs-2,POI,1071208,2026-01-07T13:16:36.802Z,264.499741950566,-5.750040609398607e-13,3851234.3571025357,2026-01-07T13:25:34.305Z,187.5962974591214,49.33835690464426,1337458.6386118755,2026-01-07T13:34:28.010Z,109.99452363798036,8.529388865863134e-09,3818539.748892402
112,ContactPointTriple,gs-2,POI,584826,2026-01-07T15:05:14.226Z,239.1175922471106,-2.8405547375694385e-07,3849629.566286146,2026-01-07T15:10:06.441Z,205.90705940695463,4.967736754174132,3330032.8373763277,2026-01-07T15:14:59.052Z,172.47400074905664,7.933325032362991e-12,3833914.03019996
113,ContactPointTriple,gs-2,POI,947013,2026-01-07T23:26:24.155Z,45.72777531317695,-6.809906704940168e-12,3812101.4069847814,2026-01-07T23:34:16.689Z,344.62894554898423,21.355412775275912,2157795.8160936795,2026-01-07T23:42:11.168Z,284.1503229291723,1.401111651447779e-07,3847217.5185611905
114,ContactPointTriple,gs-2,POI,1090177,2026-01-08T01:10:51.585Z,98.82909792320278,-1.934556591040219e-12,3806452.462039606,2026-01-08T01:19:52.907Z,181.97788238238687,59.12569500526249,1206309.9122969396,2026-01-08T01:29:01.762Z,265.72567555565706,1.4680563270265136e-10,3847795.0627776487
115,ContactPointTriple,gs-2,POI,690198,2026-01-08T03:01:45.210Z,160.54920926336237,-2.5772091236436843e-10,3819898.4559015906,2026-01-08T03:07:28.353Z,200.74667245011543,6.67784338816271,3162812.4168152777,2026-01-08T03:13:15.408Z,241.1430703833937,7.905866714172192e-11,3844867.482361051
116,ContactPointTriple,gs-2,POI,741377,2026-01-08T10:34:07.627Z,296.6285931954086,-1.418201414283636e-10,3850804.571267325,2026-01-08T10:40:20.327Z,340.44626384563924,8.064555950621623,3050142.207963902,2026-01-08T10:46:29.004Z,24.013901382091102,3.369297968904702e-11,3829874.4632830275
117,ContactPointTriple,gs-2,POI,1097312,2026-01-08T12:18:36.496Z,273.3124393188569,-3.5810693786008314e-12,3851860.7192250816,2026-01-08T12:27:48.248Z,358.965867764093,65.63767374312893,1153470.5688487922,2026-01-08T12:36:53.808Z,83.99110543478476,4.0792669928834135e-11,3818341.134810753
118,ContactPointTriple,gs-2,POI,928005,2026-01-08T14:05:34.141Z,254.6894090602193,-5.075629551412374e-11,3851492.36336155,2026-01-08T14:13:18.568Z,196.2985753663016,19.321921150688507,2271884.7837530836,2026-01-08T14:21:02.146Z,137.34281745595385,1.2779299727495608e-07,3824574.271955785
119,ContactPointTriple,gs-2,POI,634431,2026-01-08T22:32:08.201Z,11.841631304658616,-2.3909254298369055e-12,3821970.331446067,2026-01-08T22:37:25.438Z,335.10995201043175,6.090492526411405,3216865.728227848,2026-01-08T22:42:42.632Z,298.6622078942012,1.387824447429844e-13,3844928.1528038564
120,ContactPointTriple,gs-2,POI,1076254,2026-01-09T00:13:08.349Z,72.78142795489887,-1.1074800374451644e-12,3806395.8137719193,2026-01-09T00:22:03.785Z,353.30837210549873,54.58772261917868,1258072.1409258845,2026-01-09T00:31:04.603Z,274.55203867304033,1.9345232140148032e-11,3847893.333266107
121,ContactPointTriple,gs-2,POI,985843,2026-01-09T02:00:26.875Z,126.0320087228329,-4.283646578820199e-10,3809437.151793893,2026-01-09T02:08:36.164Z,190.81181735325842,22.892557223193982,2082325.3246527107,2026-01-09T02:16:52.718Z,256.00575036451966,1.1283629903042007e-11,3847082.3839145615
122,ContactPointTriple,gs-2,POI,1005060,2026-01-09T11:21:07.473Z,282.96317070820584,-3.6565170675286843e-06,3852286.296418174,2026-01-09T11:29:33.205Z,350.0694469187272,25.097734971869794,1992302.4993356972,2026-01-09T11:37:52.533Z,56.70962774223375,7.329641562048155e-11,3822440.097936522
123,ContactPointTriple,gs-2,POI,1073160,2026-01-09T13:07:01.756Z,264.6558492480881,-5.38751179154469e-07,3852405.010787498,2026-01-09T13:16:00.221Z,187.44956824354162,50.17143500879755,1325611.83052978,2026-01-09T13:24:54.916Z,109.54555810272045,2.9724115210514066e-11,3820194.2815541304
124,ContactPointTriple,gs-2,POI,594612,2026-01-09T14:55:36.299Z,239.53453724500847,-6.123577726593841e-08,3851012.629266757,2026-01-09T15:00:33.395Z,205.731134582324,5.16519783654195,3312838.7554615024,2026-01-09T15:05:30.911Z,171.69894958867772,4.629250622777991e-09,3835412.0060365214
125,ContactPointTriple,gs-2,POI,943312,2026-01-09T23:16:52.300Z,45.21847877812867,-6.791137498493988e-13,3810851.077266604,2026-01-09T23:24:42.930Z,344.4668036620939,20.99689073187768,2175228.86884756,2026-01-09T23:32:35.612Z,284.3375445823199,4.7067504627193484e-11,3847241.440117776
126,ContactPointDouble,rsn-sat-0-0-24,ISV,777600000,2026-01-01T00:00:00Z,180.0,7.4954951452403416,1941019.7439574676,,,,,2026-01-10T00:00:00Z,180.0038657896499,7.651315088202234,1969640.4937739251
127,ContactPointTriple,gs-0,POI,1001845,2026-01-01T04:24:55.691Z,54.51083603914964,-3.4125530614202807e-12,3815339.386962657,2026-01-01T04:33:15.450Z,347.4503322281204,28.530477000704025,1850545.4984422473,2026-01-01T04:41:37.536Z,281.050447878357,2.464857720624223e-11,3848048.316121169
128,ContactPointTriple,gs-0,POI,1072282,2026-01-01T06:10:16.097Z,106.97995615653502,-4.199139118089705e-13,3812270.900541141,2026-01-01T06:19:08.719Z,184.59869877274951,43.73114633424922,1432926.5100219904,2026-01-01T06:28:08.379Z,262.7758661669668,5.096170587914206e-12,3848009.618015447
129,ContactPointTriple,gs-0,POI,504719,2026-01-01T08:02:54.203Z,175.5139482889336,-1.0518035698484136e-11,3829051.8185899137,2026-01-01T08:07:05.533Z,203.91972311981274,3.1158744991596485,3506456.2581752287,2026-01-01T08:11:18.922Z,232.4399595329442,2.1423690003679495e-08,3844634.8431685832
130,ContactPointTriple,gs-0,POI,846030,2026-01-01T15:32:57.856Z,291.88071251590725,-1.68515032919051e-12,3847338.432611779,2026-01-01T15:40:03.511Z,343.71997116247593,12.129953985737808,2722792.5800426463,2026-01-01T15:47:03.886Z,35.243733327903236,2.2837243697259735e-10,3820352.8260341603
131,ContactPointTriple,gs-0,POI,1099350,2026-01-01T17:17:58.236Z,270.6308408740745,-1.1785341264034058e-13,3848571.1988275996,2026-01-01T17:27:10.943Z,1.6555567309551158,86.84018845647887,1064526.1475840088,2026-01-01T17:36:17.586Z,92.01344113042876,5.949009655769571e-13,3812123.9989186437
132,ContactPointTriple,gs-0,POI,846972,2026-01-01T19:05:19.778Z,250.58818343432554,-2.117908454579077e-10,3847791.1714513153,2026-01-01T19:12:23.460Z,199.09235812610618,13.778897680002201,2607047.3505393085,2026-01-01T19:19:26.750Z,147.11007492856447,3.9720714473163705e-08,3821311.580250996
133,ContactPointTriple,gs-0,POI,757803,2026-01-02T03:29:55.679Z,23.426047910037813,-7.123854716959055e-11,3822749.3898705,2026-01-02T03:36:14.577Z,338.2656895060479,9.761338083504084,2904275.207005219,2026-01-02T03:42:33.482Z,293.4977266159181,9.765687414225756e-11,3846737.955215258
134,ContactPointTriple,gs-0,POI,1093391,2026-01-02T05:12:07.144Z,80.78205935230203,-1.5108294932772484e-11,3810910.531286949,2026-01-02T05:21:11.083Z,355.96273033919516,73.23249410257242,1102648.1169907046,2026-01-02T05:30:20.535Z,271.8373029682604,5.616266199994079e-13,3847956.0354112573
135,ContactPointTriple,gs-0,POI,921541,2026-01-02T07:00:23.577Z,135.49645472976255,-3.8873633012173204e-11,3816378.8602670357,2026-01-02T07:08:01.282Z,193.5743456287747,16.65219151143032,2419267.1719454178,2026-01-02T07:15:45.118Z,252.02456245574697,4.473340126700693e-11,3846985.6013276316
136,ContactPointTriple,gs-0,POI,183102,2026-01-02T14:39:15.182Z,322.81057769325315,-3.5412288080652735e-13,3842456.453574625,2026-01-02T14:40:46.871Z,332.85665817714835,0.36703137521795176,3799263.32421661,2026-01-02T14:42:18.284Z,342.8872462623215,2.6008012826404837e-10,3837155.9474254046
137,ContactPointTriple,gs-0,POI,1045313,2026-01-02T16:20:19.137Z,279.9477184567613,-2.801380070474577e-11,3848660.3228902193,2026-01-02T16:29:05.259Z,352.94386206043526,33.47975869143946,1685506.4622692103,2026-01-02T16:37:44.450Z,65.42748184858691,3.706829075836998e-12,3814749.945773823
138,ContactPointTriple,gs-0,POI,1040342,2026-01-02T18:06:32.499Z,261.7025389902101,-3.3149369394626836e-11,3848815.274368474,2026-01-02T18:15:14.230Z,190.11259608528331,37.13305623705841,1583801.5195898258,2026-01-02T18:23:52.841Z,117.83180507459193,1.3814431501690922e-10,3815371.080334487
139,ContactPointTriple,gs-0,POI,371768,2026-01-02T19:56:22.131Z,229.41957346723726,-1.6929441060414649e-12,3845386.2885588706,2026-01-02T19:59:27.907Z,208.83447501709566,1.806591234400178,3644741.5657994184,2026-01-02T20:02:33.899Z,188.1587762471904,1.2107637107821706e-08,3834935.9524439643
140,ContactPointTriple,gs-0,POI,998746,2026-01-03T04:15:23.421Z,54.02921901344686,-5.269980048125352e-11,3813745.983429451,2026-01-03T04:23:41.585Z,347.2965128654111,28.06405475345727,1866983.2565409378,2026-01-03T04:32:02.167Z,281.22616617494,3.675277568091223e-13,3847498.795413714
141,ContactPointTriple,gs-0,POI,1073164,2026-01-03T06:00:40.920Z,106.53401595783207,-9.886537596789393e-12,3810511.189790613,2026-01-03T06:09:33.901Z,184.4552731813043,44.43636330861373,1418358.1742068043,2026-01-03T06:18:34.084Z,262.93454314482625,2.2299058177135436e-08,3847502.721857899
142,ContactPointTriple,gs-0,POI,516352,2026-01-03T07:53:12.439Z,174.62101928854673,-2.528638402794802e-10,3827300.010509933,2026-01-03T07:57:29.524Z,203.74070771330236,3.2847149533129922,3488192.2615248174,2026-01-03T08:01:48.791Z,232.97841334846154,1.6899295136803685e-06,3843929.082033905
143,ContactPointTriple,gs-0,POI,841348,2026-01-03T15:23:24.771Z,292.12891087348584,-1.7340153801633523e-11,3848163.476702557,2026-01-03T15:30:28.023Z,343.56040282713553,11.891729763809415,2741618.1229404607,2026-01-03T15:37:26.119Z,34.67651327089112,1.6949699650418603e-10,3822215.8994438993
144,ContactPointTriple,gs-0,POI,1099910,2026-01-03T17:08:23.556Z,270.78043452034507,-1.098563957388231e-06,3849304.9503345625,2026-01-03T17:17:36.482Z,1.5122260687252946,85.61496612534758,1066562.358351531,2026-01-03T17:26:43.466Z,91.57876953423323,1.0430483754073951e-11,3813870.6476099617
145,ContactPointTriple,gs-0,POI,852263,2026-01-03T18:55:43.679Z,250.82355360538244,-2.2976109503663718e-10,3848647.106846523,2026-01-03T19:02:49.982Z,198.92927804495199,14.056814651811065,2589410.2539976556,2026-01-03T19:09:55.942Z,146.5465901311361,3.168270542400757e-10,3822857.368726764
146,ContactPointTriple,gs-0,POI,751244,2026-01-04T03:20:25.652Z,22.801657853744004,-1.1231790433807468e-07,3821398.8935414036,2026-01-04T03:26:41.244Z,338.0945900824049,9.528511597186046,2921932.777270723,2026-01-04T03:32:56.896Z,293.7771840166693,7.321260315297857e-11,3846130.428062752
147,ContactPointTriple,gs-0,POI,1092353,2026-01-04T05:02:33.377Z,80.34387427068403,-2.7582305381094363e-11,3809236.3161874358,2026-01-04T05:11:36.721Z,355.8172452407293,72.08192089814403,1107861.2027187885,2026-01-04T05:20:45.730Z,271.9870933616201,7.128580385952455e-12,3847537.22352362
148,ContactPointTriple,gs-0,POI,925082,2026-01-04T06:50:46.539Z,134.97562813675617,-3.1299891519712328e-06,3814614.834333239,2026-01-04T06:58:25.937Z,193.42136096952441,16.941910351627627,2400658.657295383,2026-01-04T07:06:11.621Z,252.23797488552333,1.6722636090967395e-07,3846504.404262106
149,ContactPointTriple,gs-0,POI,141595,2026-01-04T14:29:59.743Z,324.9126469483585,-3.6471925927486354e-09,3843245.253576434,2026-01-04T14:31:10.622Z,332.66459598508686,0.21800010029968914,3817147.941607863,2026-01-04T14:32:21.338Z,340.4071651249953,9.243234324144552e-11,3839309.268864688
150,ContactPointTriple,gs-0,POI,1043844,2026-01-04T16:10:45Z,280.1151348669284,-4.317950995353565e-12,3849489.1890498814,2026-01-04T16:19:30.325Z,352.7984565740471,32.96244350157137,1702353.0093010818,2026-01-04T16:28:08.844Z,64.96879907728491,7.548605764807154e-08,3816567.654633135
151,ContactPointTriple,gs-0,POI,1042844,2026-01-04T17:56:57.295Z,261.8684168200162,-1.663345149914597e-12,3849653.421128939,2026-01-04T18:05:40.242Z,189.9636989435488,37.75290872271099,1568992.097248739,2026-01-04T18:14:20.139Z,117.36949627147791,6.1999608994110905e-12,3817046.3719028085
152,ContactPointTriple,gs-0,POI,388143,2026-01-04T19:46:41.070Z,230.16335527876012,-9.122941814324772e-11,3846650.0847876365,2026-01-04T19:49:55.019Z,208.64952405616438,1.9797419049499114,3627823.1701781107,2026-01-04T19:53:09.213Z,187.03778084938946,2.2680319065477235e-11,3836139.623395362
153,ContactPointTriple,gs-0,POI,995654,2026-01-05T04:05:51.141Z,53.54606548697589,-1.4897371454036537e-10,3812213.1751108356,2026-01-05T04:14:07.707Z,347.14111902562536,27.60660502268548,1883511.96029124,2026-01-05T04:22:26.795Z,281.40074357938556,6.108503643962078e-11,3847115.592098192
154,ContactPointTriple,gs-0,POI,1074053,2026-01-05T05:51:05.730Z,106.08783548170139,-9.806921085989716e-14,3808799.591226396,2026-01-05T05:59:59.063Z,184.31141641498547,45.15536017266526,1404016.3438903023,2026-01-05T06:08:59.783Z,263.0924789132244,3.1277232286402835e-12,3847166.5960320462
155,ContactPointTriple,gs-0,POI,527705,2026-01-05T07:43:30.806Z,173.74250468476663,-8.334748332395681e-11,3825643.7235085065,2026-01-05T07:47:53.503Z,203.56222649373316,3.455472054819241,3469963.811033664,2026-01-05T07:52:18.511Z,233.50323169583595,1.429024707636834e-08,3843393.6744718184
156,ContactPointTriple,gs-0,POI,836609,2026-01-05T15:13:51.710Z,292.3794414379419,-7.716063699663565e-07,3849140.1031891042,2026-01-05T15:20:52.536Z,343.39983363615556,11.655821098348865,2760530.8475434203,2026-01-05T15:27:48.319Z,34.105469983640276,7.51063630774931e-12,3824107.2915217956
157,ContactPointTriple,gs-0,POI,1100467,2026-01-05T16:58:48.874Z,270.9310627595711,-6.215881915019114e-12,3850192.5951430174,2026-01-05T17:08:02.030Z,1.369273351962529,84.39078644331565,1069066.360571792,2026-01-05T17:17:09.341Z,91.14367489501224,1.0488646569698861e-12,3815615.2371137138
158,ContactPointTriple,gs-0,POI,857539,2026-01-05T18:46:07.583Z,251.0596515756621,-5.544492627591549e-13,3849647.3148998553,2026-01-05T18:53:16.505Z,198.76770194810075,14.33951608767454,2571748.9731714646,2026-01-05T19:00:25.122Z,145.98491095646233,4.4311644374268276e-08,3824435.184051889
159,ContactPointTriple,gs-0,POI,744649,2026-01-06T03:10:55.648Z,22.173147098068796,-2.7526250921567586e-09,3820153.272295327,2026-01-06T03:17:07.914Z,337.9216960539058,9.298984823074974,2939625.400171443,2026-01-06T03:23:20.297Z,294.0573649811178,6.278666648255056e-11,3845686.8768090135
160,ContactPointTriple,gs-0,POI,1091328,2026-01-06T04:52:59.603Z,79.90448194566082,-5.9210107470631914e-12,3807620.237391631,2026-01-06T05:02:02.351Z,355.6707556731685,70.94235523713864,1113517.8493815253,2026-01-06T05:11:10.931Z,272.1364108162481,1.005554352107144e-12,3847292.6167250285
161,ContactPointTriple,gs-0,POI,928620,2026-01-06T06:41:09.502Z,134.45516994461664,-8.749928829759653e-10,3812923.133659834,2026-01-06T06:48:50.585Z,193.26855117125157,17.236545384834628,2382095.7767735925,2026-01-06T06:56:38.122Z,252.45100823952572,4.0025493298447527e-11,3846200.2064996837
162,ContactPointTriple,gs-0,POI,80558,2026-01-06T14:20:54.064Z,328.0703302944553,-2.2071739442349154e-07,3843931.476712524,2026-01-06T14:21:34.369Z,332.4706371013923,0.0700837009353269,3835079.968496928,2026-01-06T14:22:14.622Z,336.8678664016611,5.0471874468451806e-08,3841773.7010575836
163,ContactPointTriple,gs-0,POI,1042360,2026-01-06T16:01:10.873Z,280.28312345483937,-1.4343307569239426e-12,3850470.505167349,2026-01-06T16:09:55.404Z,352.6523281090467,32.453383450966165,1719357.9450562214,2026-01-06T16:18:33.233Z,64.50851015757355,1.7174944411246582e-11,3818381.395153559
164,ContactPointTriple,gs-0,POI,1045345,2026-01-06T17:47:22.095Z,262.0349887190681,-5.0233992640205855e-12,3850641.3996258476,2026-01-06T17:56:06.267Z,189.8156030698796,38.3858490689251,1554304.178569939,2026-01-06T18:04:47.440Z,116.9075249257681,4.143819018383288e-06,3818717.6829417003
165,ContactPointTriple,gs-0,POI,403906,2026-01-06T19:37:00.318Z,230.87615431436308,-5.102892509320128e-07,3848019.6282641715,2026-01-06T19:40:22.134Z,208.46606514810958,2.1552745614635453,3610859.932256834,2026-01-06T19:43:44.224Z,185.9507340986151,9.073672894639799e-08,3837438.4656313886
166,ContactPointTriple,gs-0,POI,992568,2026-01-07T03:56:18.863Z,53.060804200004036,-2.4312839307125165e-10,3810762.194566589,2026-01-07T04:04:33.830Z,346.98444077201464,27.15687340498504,1900183.2103333098,2026-01-07T04:12:51.431Z,281.5752855722342,2.429902735116791e-08,3846908.219018773
167,ContactPointTriple,gs-0,POI,1074961,2026-01-07T05:41:30.533Z,105.64076629334465,-1.0750223904710181e-11,3807155.509500913,2026-01-07T05:50:24.219Z,184.1673555980682,45.89065634383732,1389875.9774601895,2026-01-07T05:59:25.494Z,263.2508368322553,1.5340127732866085e-09,3847010.65528075
168,ContactPointTriple,gs-0,POI,538841,2026-01-07T07:33:49.287Z,172.8750347361722,-1.2144550766014235e-10,3824097.918281669,2026-01-07T07:38:17.486Z,203.38448662753646,3.6288621095595706,3451717.981494809,2026-01-07T07:42:48.128Z,234.01819903004466,3.622611732275739e-11,3843041.305021198
169,ContactPointTriple,gs-0,POI,831814,2026-01-07T15:04:18.676Z,292.6310565111781,-6.929508428273624e-14,3850262.500078858,2026-01-07T15:11:17.055Z,343.2375715183899,11.422523882892303,2779494.6585291317,2026-01-07T15:18:10.490Z,33.53049762949516,5.119647258350528e-10,3826012.670953094
170,ContactPointTriple,gs-0,POI,1101020,2026-01-07T16:49:14.198Z,271.0816952872562,-5.996834202897713e-09,3851230.4992114184,2026-01-07T16:58:27.596Z,1.2261273936881554,83.17061967078082,1072029.0603466642,2026-01-07T17:07:35.218Z,90.70807210436551,1.897002721703092e-08,3817340.4884542
171,ContactPointTriple,gs-0,POI,862788,2026-01-07T18:36:31.505Z,251.29513110664476,-1.7043506591968588e-09,3850787.034612321,2026-01-07T18:43:43.038Z,198.60717576396874,14.626448777838988,2554097.1677508005,2026-01-07T18:50:54.293Z,145.42542607228117,6.86531403833012e-12,3826027.4313464914
172,ContactPointTriple,gs-0,POI,738006,2026-01-08T03:01:25.674Z,21.539911771901924,-8.053664471531286e-11,3819031.1646253197,2026-01-08T03:07:34.590Z,337.747497143792,9.07222455750417,2957404.475681827,2026-01-08T03:13:43.680Z,294.339790596057,1.1123184710695037e-09,3845414.8139142795
173,ContactPointTriple,gs-0,POI,1090322,2026-01-08T04:43:25.822Z,79.46366877842054,-6.5122435781440575e-12,3806079.4057100434,2026-01-08T04:52:27.975Z,355.52368470052414,69.81209439078356,1119633.6601444194,2026-01-08T05:01:36.144Z,272.28633079974435,3.885058417304283e-06,3847228.0876932275
174,ContactPointTriple,gs-0,POI,932169,2026-01-08T06:31:32.462Z,133.9345033841001,-1.0647473918101142e-11,3811319.8431420242,2026-01-08T06:39:15.230Z,193.11630732707107,17.537058177825628,2363541.258330125,2026-01-08T06:47:04.631Z,252.6650591924187,1.681849641400405e-07,3846079.9901447366
175,ContactPointTriple,gs-0,POI,1040863,2026-01-08T15:51:36.751Z,280.4505317219162,-1.1706811538576803e-12,3851597.041951176,2026-01-08T16:00:20.493Z,352.50498558668187,31.953451780598865,1736475.9403866173,2026-01-08T16:08:57.614Z,64.04682312802272,1.561501146950645e-10,3820176.345245207
176,ContactPointTriple,gs-0,POI,1047834,2026-01-08T17:37:46.903Z,262.201088166479,-7.7095203505855e-12,3851772.0017994437,2026-01-08T17:46:32.305Z,189.667918695317,39.03051634529803,1539774.1247988811,2026-01-08T17:55:14.737Z,116.44626313411561,5.897262543640907e-09,3820370.155831867
177,ContactPointTriple,gs-0,POI,419076,2026-01-08T19:27:19.864Z,231.55860309579865,-8.355202569465693e-11,3849488.2454945752,2026-01-08T19:30:49.252Z,208.2838079562873,2.3326440152125696,3593899.392416866,2026-01-08T19:34:18.940Z,184.896400072957,1.4247861451681125e-12,3838812.891217383
178,ContactPointTriple,gs-0,POI,989488,2026-01-09T03:46:46.580Z,52.573540122394405,-9.646367428681992e-11,3809408.2166034924,2026-01-09T03:54:59.946Z,346.8269813156551,26.71426138163816,1917020.0631406049,2026-01-09T04:03:16.068Z,281.7506411773106,4.112119624808334e-11,3846878.5645292704
179,ContactPointTriple,gs-0,POI,1075890,2026-01-09T05:31:55.323Z,105.19287439170624,-2.8583219597678744e-11,3805592.9370033573,2026-01-09T05:40:49.365Z,184.02349115310278,46.64354335884208,1375933.5259466101,2026-01-09T05:49:51.213Z,263.4104082173661,1.0056213321240464e-12,3847036.365473921
180,ContactPointTriple,gs-0,POI,549796,2026-01-09T07:24:07.862Z,172.01721834494745,-1.7815234955261947e-10,3822671.3637404186,2026-01-09T07:28:41.469Z,203.20789021616395,3.8052352756580308,3433432.085020861,2026-01-09T07:33:17.658Z,234.52553251633745,1.1039094185516509e-12,3842876.7193402834
181,ContactPointTriple,gs-0,POI,826972,2026-01-09T14:54:45.654Z,292.8826569775258,-9.180683059415341e-11,3851518.339016758,2026-01-09T15:01:41.568Z,343.07334354771405,11.192244412793318,2798460.346107446,2026-01-09T15:08:32.626Z,32.95214249413581,5.4951152208162574e-11,3827917.589396623
182,ContactPointTriple,gs-0,POI,1101562,2026-01-09T16:39:39.522Z,271.2314693069752,-1.3387283423966281e-11,3852406.9959225226,2026-01-09T16:48:53.168Z,1.0825486228336265,81.95806820276422,1075434.557241859,2026-01-09T16:58:01.084Z,90.27238116232675,2.324440941354892e-10,3819030.77379397
183,ContactPointTriple,gs-0,POI,867993,2026-01-09T18:26:55.445Z,251.52880936985125,-3.800452777518735e-11,3852054.1755364933,2026-01-09T18:34:09.573Z,198.44754959451765,14.916887917329758,2536493.903119316,2026-01-09T18:41:23.438Z,144.86900319785948,3.25641199839987e-10,3827616.0475408505
